Date,F,CAT,DIS,MCD,KO,PEP,WMT,C,WFC,JPM,AAPL,IBM,PFE,JNJ,XOM,MRO,ED,T,VZ,NEM
2001-12-31,10.45640731,17.17657975,16.97947464,17.34642853,15.27256498,33.12898408,42.39582443,353.7782823,13.94848329,22.74414656,1.407227617,89.64033413,22.28433445,38.59768724,26.04816682,6.190980021,17.88905241,17.22457301,20.2710516,16.03561833
2002-01-31,10.24461426,16.64628696,17.25809536,17.81170864,14.17125595,34.08155294,44.1859522,333.3140869,14.96937584,21.50431648,1.588432269,79.95449445,23.30208824,37.5592723,25.88246601,5.78856632,18.16829183,16.57441187,19.94999859,18.32642094
2002-02-28,9.963389556,18.37779214,18.84787242,17.10395862,15.35030445,34.36051954,45.68140874,318.1954099,15.1339454,18.47287098,1.394376224,72.80966981,22.97751913,39.89819346,27.53815886,5.717888004,18.32809968,16.74701589,20.1436879,20.23961873
2002-03-31,11.04141759,18.82142827,18.91343024,18.18524336,16.99837359,35.14278902,45.21197409,348.2218055,15.9406589,22.51479831,1.520962452,77.17290726,22.29313013,42.5515216,29.22512113,5.988188164,18.8267318,16.56998612,19.84239342,23.26373506
2002-04-30,10.7133221,18.19838044,18.99537751,18.61120402,18.05548638,35.41574272,41.19968797,304.4831216,16.50535836,22.38272456,1.559516633,62.15387223,20.39142627,41.837416,26.7846935,6.042248196,19.58141826,13.84796326,17.41451751,23.95265752
2002-05-31,11.89045984,17.41540362,18.77411988,19.62040311,18.07174965,35.47033346,39.9015954,304.8551966,17.00011357,22.92475636,1.497187374,59.80630314,19.4788702,40.32704978,26.78024658,5.746580399,19.90944772,15.28804443,18.66926584,26.22106072
2002-06-30,10.77888711,16.30924062,15.4880343,18.64397022,18.28173455,32.98572572,40.62577223,273.5789455,16.24094819,21.6302569,1.138633488,53.52459697,19.70405945,34.35194167,27.44421963,5.683707528,18.99062011,13.59828974,17.43188427,22.1420536
2002-07-31,9.14184363,15.01535147,14.52925122,16.21927111,16.3033897,29.38603864,36.3202232,236.795815,16.50049191,16.08988769,0.980561344,52.33516148,18.21218067,34.83836411,24.65419144,5.080127968,19.49097178,12.43742411,14.47066604,20.51903182
2002-08-31,7.988084597,14.65928274,12.84933216,15.57050026,16.64943682,27.06608822,39.49584255,248.819566,17.02703057,17.01815044,0.94779029,56.15880021,18.69629333,35.83175524,23.92707973,5.234808833,18.74652092,11.12443501,13.59365598,23.98372079
2002-09-30,6.651081483,12.50271548,12.40681689,11.57302334,15.71827964,25.38714611,36.41468754,225.2671796,15.71223974,12.24146503,0.931726048,43.44149164,16.40164548,35.68000964,21.53099699,4.796988457,18.52998455,9.038041382,12.03257806,23.15872794
2002-10-31,5.809838485,13.8410802,13.68519433,11.86791918,15.23322848,30.29967912,39.602082,282.0968088,16.46587915,13.62520526,1.032609489,58.81103328,17.95590203,38.76110514,22.71891407,4.420505236,19.61266639,11.69023035,16.75482494,20.8100238
2002-11-30,7.815125527,16.90746394,16.24194919,12.28961928,15.02470564,29.18662968,39.86091913,296.8315,15.16281927,16.52753814,0.995983017,64.87533214,17.8913202,37.74792779,23.64504025,4.280875046,18.5639155,12.98408281,18.58294672,19.70722723
2002-12-31,6.386701881,15.49116736,13.53207541,10.68200421,14.43214494,29.10831951,37.4095048,268.6599919,15.3793841,15.75927356,0.920802363,57.84443443,17.34657972,35.55666787,23.74016398,4.556991487,19.99765689,12.35082404,17.19410663,24.46990995
2003-01-31,6.322847295,15.01196742,14.51939422,9.459685324,13.31944764,27.9086872,35.40238229,264.0109497,15.54344836,15.53072073,0.922730072,58.36690029,17.31228187,35.49046666,23.20339438,4.473514423,18.64330834,11.23887822,17.14540818,24.40247651
2003-02-28,5.774543303,16.04280284,14.15433516,9.041173965,13.24043954,26.41948848,35.59494755,256.0245801,14.97913245,15.09154868,0.964497102,58.29289786,17.00435591,34.86126039,23.27324626,4.995288998,18.47646267,9.565002742,15.48819788,23.03694933
2003-03-31,5.219298755,16.79374255,14.12114798,9.605832148,13.40308097,27.68739272,38.60064651,264.5484938,14.86022424,15.77692324,0.908593539,58.65185348,17.76846848,38.4637014,23.90946375,5.185668137,18.22537228,9.224709375,15.83307678,22.07516825
2003-04-30,7.218179129,18.07651876,15.48182263,11.35959403,13.37659267,29.95775892,41.78336366,301.4086613,15.94030722,19.79429043,0.913734097,63.49027618,17.53467284,37.46006931,24.08048996,4.92606022,18.41487446,10.90851843,16.92924574,22.80960024
2003-05-31,7.358337947,17.92187174,16.30320551,12.44240914,15.08839921,30.59456895,39.03094393,316.616237,16.05375077,22.16151222,1.15341259,65.95997343,17.76853029,36.27881582,25.07692615,5.619949746,20.66130732,11.88916435,17.14210678,25.03822143
2003-06-30,7.701727051,19.12811852,16.38617347,14.65454061,15.43876219,30.91314846,39.88222215,330.3553131,16.75173994,23.05174947,1.224737826,61.80937991,19.56142197,34.50993151,24.73935215,5.755370222,20.80068343,11.93119203,17.86674009,27.43802512
2003-07-31,7.823559939,23.31446424,18.18657836,15.28562916,14.95973143,32.00379212,41.54676804,348.493981,16.79494879,23.87343066,1.354536903,60.87287416,19.10890298,34.57000683,24.51200639,5.622133947,19.08491541,11.06832342,16.00581512,30.51487082
2003-08-31,8.177247098,24.82107553,17.00843323,14.89368996,14.47737407,30.94093556,43.96927678,337.2146,16.81540018,23.30809692,1.452850065,61.56553941,17.21989703,33.25041188,26.15032728,6.147996327,19.26478335,10.64188972,16.152154,33.21979011
2003-09-30,7.618421388,23.78787192,16.73463894,15.63771015,14.36176865,31.95097675,41.50218198,354.0169883,17.27150198,23.38302067,1.331404394,66.31001215,17.48464144,33.21017338,25.38732038,6.282463081,19.86421881,10.54238853,14.83510407,33.07594487
2003-10-31,8.649480631,25.44817598,18.78394772,16.60759362,15.51177992,33.33833097,43.87488891,371.4348121,18.88798042,24.68978871,1.470842016,67.17332602,18.18678965,33.7533931,25.37344753,6.518330993,19.7228885,11.55820794,15.546603,37.04438133
2003-11-30,9.412460373,26.41012259,19.15730357,17.28564926,15.61845842,33.54747984,41.41134553,368.5354264,19.3820634,24.34591978,1.343613218,68.09080277,19.4100335,33.21487765,25.28639499,6.582746002,19.91227787,11.22081238,15.19495364,40.73358879
2003-12-31,11.40904288,28.8306164,19.53781222,16.746105,17.04595193,32.61261558,39.55214746,380.3680544,19.90946649,25.26061112,1.373171424,69.70019439,20.42765813,34.80487991,28.63928714,7.356402067,21.25129209,12.56557469,16.23139384,41.17307867
2004-01-31,10.43451436,27.25285139,20.09890669,17.35983659,16.53877188,33.06032201,40.14859831,390.8685322,19.40910971,26.99445044,1.449637217,74.62613606,21.17931269,35.99064431,28.49259811,7.220789941,21.65645506,12.43256845,17.23459355,35.28637024
2004-02-29,9.867577199,26.42267365,22.21766644,19.08637823,16.78060608,36.30619366,44.40576631,397.0301623,19.54162658,28.47293282,1.537026694,72.69039453,21.28530516,36.48042364,29.6373584,7.870464755,22.11147958,11.70611641,17.92191999,36.80251529
2004-03-31,9.738401643,27.58073671,21.13768586,19.26847442,16.98247059,37.78567531,44.60183867,408.4054793,19.30992115,29.11846737,1.737508437,69.18016408,20.35606946,34.32177865,29.22973052,7.541222206,22.07643762,11.96451881,17.08497147,39.54114031
2004-04-30,11.09409679,27.23261146,19.47982815,18.36473778,17.07362898,38.23475298,42.59180439,383.042754,19.23836507,26.31270047,1.656544656,66.41566929,20.7684178,36.56162658,29.90442495,7.516585008,20.62970509,12.291485,17.82664255,31.71431798
2004-05-31,10.72573811,26.39878134,19.85200029,17.80496061,17.33697544,37.44886707,41.7416529,369.8206502,20.19494252,25.78084802,1.803050545,66.86798322,20.62220174,37.89553429,30.58904281,7.52371024,19.93833341,11.69912427,16.33400369,33.73674174
2004-06-30,11.30355565,27.83170789,21.56060875,17.53518848,17.12617027,37.96598493,39.51712914,370.3782088,19.65572382,27.13147333,2.090921766,66.53586997,20.0036524,37.888732,31.40946569,8.539208023,20.19226022,11.97062294,17.09449374,32.92964265
2004-07-31,10.70183514,25.88280055,19.53057889,18.54683397,14.88022639,35.23198305,39.70437861,354.3546411,19.71754507,26.35645072,2.078070372,65.72068291,18.64984629,37.59623371,32.74618918,8.500844773,20.80676311,12.67258178,18.39883527,34.38242101
2004-08-31,10.25834876,25.60456661,18.9892376,18.22310741,15.16860287,35.23198305,39.54388869,374.3669581,20.34688693,27.94503936,2.216222855,64.06208596,19.16616918,39.72408155,32.79980186,8.242358172,21.72915491,12.89762763,18.73778631,37.7127667
2004-09-30,10.21472715,28.3340768,19.07382217,18.90428204,13.66698817,34.43936267,39.94180517,354.5957533,20.65165732,28.05094527,2.489957542,64.85633782,17.95178381,38.51389869,34.38643002,9.380880765,21.64676949,12.97764393,18.79984777,38.74605668
2004-10-31,9.545144268,28.51675406,21.33223039,19.65964401,13.87514954,35.0977102,40.48237095,359.827842,20.68282702,27.48617058,3.367065166,67.88962351,16.98379547,39.91552291,35.0196583,8.660498206,22.37279102,12.77797618,18.83942858,40.43954784
2004-11-30,10.38757834,32.41505878,22.73633437,21.11182145,13.49891723,35.33131739,39.08590935,362.9095319,21.56309448,26.80969747,4.30842976,71.42342191,16.39048538,41.43462577,36.66364882,9.030879949,22.86472176,12.73244895,19.8657197,40.37676126
2004-12-31,10.72455196,34.52531274,23.72199347,22.01837982,14.29903112,37.11876425,39.75372221,390.7258379,21.69574748,27.77812213,4.138148792,74.71265844,15.87108937,43.5640578,36.67080271,8.611850783,22.81257872,13.03596382,19.51880439,37.86973532
2005-01-31,9.719968886,31.68737583,24.43024004,22.24501942,14.24752164,38.1853954,39.43761916,397.7812858,21.39902366,26.81713154,4.941360903,70.80195325,14.2597813,44.44330715,36.91403472,8.868305792,22.87515037,12.1733118,17.31514599,35.46503698
2005-02-28,9.336188793,33.80342393,23.84145675,22.7189022,14.69737108,38.29916939,38.84304436,390.4598262,20.892479,26.25679501,5.765135243,70.2995004,15.63464921,45.25436022,45.51046105,10.91157348,22.57946137,12.32701523,17.50002251,38.37284597
2005-03-31,8.361977789,32.51956953,24.51557095,21.38653611,14.40365065,37.87270219,37.82431559,367.7130048,21.04025336,24.85595369,5.355175782,69.38829495,15.62275522,46.33053098,42.84352359,10.81476611,22.27840188,12.13744766,17.27135944,36.10962723
2005-04-30,6.797093628,31.45713302,22.52736071,20.12971655,15.01546879,39.73669903,35.58248328,387.9015037,21.08951148,25.75200159,4.634212592,57.99822684,16.15798475,47.34461497,40.99607635,10.7340933,22.85939387,12.35827662,17.61596321,32.45165789
2005-05-31,7.446212339,33.62215546,23.41480219,21.24917878,15.42680414,40.17948756,35.76280857,389.1405417,21.42303924,25.94066094,5.109624201,57.52042917,16.7061299,46.51679131,40.60393048,11.24665155,24.33808424,12.14018938,17.40929549,31.9124227
2005-06-30,7.640201839,34.05087278,21.48632359,19.05832939,14.52400281,38.69595755,36.49729775,381.8715186,21.83795326,25.6286474,4.730598045,56.49259887,16.51451837,45.06097519,41.52149261,12.37850677,25.04934884,12.33231385,17.0008807,33.4463442
2005-07-31,8.087869915,38.70126701,21.87884578,21.40713971,15.22324222,39.12647071,37.3680839,362.9257063,21.75284269,25.7453084,5.481119441,63.54275339,15.86782947,44.33999958,42.44627964,13.53587512,25.75526559,12.86921033,17.04160624,32.17807391
2005-08-31,7.50801332,39.83552785,21.49485668,22.28622662,15.3067335,39.35607772,34.15234964,365.1783486,21.32238239,24.82949635,6.026018536,61.52776906,15.366914,44.17297283,43.48666505,14.99495038,25.3910278,12.67446154,16.28486532,33.91766086
2005-09-30,7.425176663,42.17583819,20.59034901,23.00048473,15.12130835,40.88146335,33.28638704,379.7788081,20.9468624,24.85880233,6.889632197,61.22249608,15.05933448,44.09631993,46.12926039,16.07218052,26.27871242,12.61656325,16.2749082,40.52112293
2005-10-31,6.343586458,37.92834509,20.7951432,21.70245797,14.97776271,42.58996393,35.93744799,381.9480192,21.52981247,27.10112017,7.401117669,62.48937894,13.11133086,43.63640256,40.75695118,14.02730858,24.62783553,12.72700663,15.88971184,36.59529016
2005-11-30,6.198720902,41.67141622,21.27299631,23.71646032,15.04346409,42.67647029,36.88696839,408.9798188,22.6735676,28.30742344,8.715815251,68.01011136,12.8965336,43.25716541,42.3420265,13.90269175,24.96240859,13.29265137,16.12672119,39.70285231
2005-12-31,5.886116281,41.66420414,20.67427988,23.6253779,14.20477951,42.77695128,35.65774932,408.811341,22.66635247,29.37311468,9.238866978,62.88448992,14.18618696,42.10130593,40.9848635,14.29662871,25.39544115,13.06852798,15.1887693,45.96991139
2006-01-31,6.617277094,49.16645875,21.83003854,24.52919574,14.58183518,41.40125379,35.13202609,392.3847571,22.49679675,29.66996564,9.704087432,62.19597361,15.62183882,40.30797244,45.78601005,18.02496062,25.76817803,14.03231409,16.1716041,53.20113341
2006-02-28,6.146818,52.917302,24.14155586,24.45913234,14.78974439,42.79867282,34.5605878,394.8521661,23.35534203,30.70748142,8.80191959,61.5369976,16.07708753,40.61576138,43.5493143,16.63684588,25.46083119,14.91913471,17.21361523,45.5566987
2006-03-31,6.139105556,51.99769371,24.05530521,24.07378365,14.86215197,42.02479003,36.12602106,402.1752815,23.23529121,31.08068853,8.060394169,63.24721077,15.29748077,41.72186277,44.64226492,17.9494129,24.14532715,14.62172536,17.39749955,44.75789435
2006-04-30,5.437273136,55.01925849,24.11568067,24.22091679,14.89409832,42.35202926,34.43595953,429.6652159,24.98876082,34.14473042,9.046096071,63.14751224,15.54916484,41.29210363,46.27068799,18.7011344,23.93440246,14.35107364,17.0742635,50.33861465
2006-05-31,5.601564843,52.99253904,26.30644708,23.24002921,15.62886437,43.9664095,37.18384461,424.0739769,24.33118554,32.08310501,7.681278053,61.49802194,14.66322043,42.68957693,44.90275548,17.77949482,24.80931044,14.26894236,16.13344728,44.98215822
2006-06-30,5.421626307,54.10396583,25.87519385,23.54130182,15.38067484,43.87820505,36.96895345,415.0419754,24.59147094,31.60155746,7.359993209,59.1273848,14.54546845,42.47690883,45.22712278,19.73393629,25.00058403,15.27094407,17.31205221,45.74380728
2006-07-31,5.257334601,51.70389835,25.60781684,24.79543665,15.90981009,46.31913118,34.15234438,415.5580897,26.51978246,34.59754321,8.733807203,59.58150036,16.10723157,44.34129919,49.93782065,21.47279695,26.36762767,16.6181758,17.69706948,44.27461264
2006-08-31,6.597284949,48.40628835,25.57331659,25.15275999,16.02064248,47.70768197,34.45057746,428.7955307,25.67571324,34.62787863,8.71967067,62.56978174,17.23699411,46.10285886,50.1164387,19.87297112,26.32068312,17.24987705,18.40871982,44.29189729
2006-09-30,6.376587245,48.00503049,26.66007473,27.40880141,16.08517068,47.9134248,37.99424151,431.5759678,26.73229655,35.61377969,9.89300292,63.3193518,17.73734227,46.30250007,49.69429639,18.3021734,26.32068312,18.04227423,19.42910082,37.01705601
2006-10-31,6.526346401,44.4840877,27.13445328,29.37057656,16.8195876,46.57719383,37.96342704,435.8335121,26.81357219,36.23538426,10.41991006,71.34825179,16.66784808,48.05649068,52.89369074,20.56317012,27.5455634,19.17637695,19.57351746,39.19911404
2006-11-30,6.408115488,45.45129237,28.50583855,30.11400644,16.97124573,45.49793035,35.51367667,435.1255634,26.24033144,35.34935884,11.77958753,71.26157147,17.34822384,47.26173449,57.12950794,22.5629103,27.80349147,18.98601292,19.17815542,40.61918356
2006-12-31,5.919427714,44.9383808,29.82407641,31.80733632,17.48585536,46.14000971,35.70512835,488.7375254,26.47860914,36.89226517,10.90312247,75.31616262,16.3448162,47.34061161,56.99562809,22.11346898,27.71700197,20.01621828,20.44059839,39.1781056
2007-01-31,6.408115488,47.18118542,30.6073174,31.82168657,17.35176694,48.1242883,36.87261955,478.9978727,26.95516454,39.17624685,11.01749987,76.86667549,16.55938136,47.89992208,55.11387239,21.5970896,27.83808727,21.2900389,21.37580197,39.13471899
2007-02-28,6.234710149,47.44628963,29.80667105,31.34812822,16.91688556,46.58259973,37.3519868,446.3303893,26.03964948,37.99165191,10.87356426,72.26948894,15.92385273,45.38866704,53.54204365,21.78323428,28.34659743,20.82044729,20.75428332,39.13471899
2007-03-31,6.218946027,49.36093115,29.96331925,32.32394544,17.52093265,47.10918781,36.47510753,454.9255943,25.8370355,37.21474224,11.94022995,73.29591164,16.11524519,43.46291237,56.35808027,23.73056706,29.79368598,22.30843034,21.04284555,36.52184437
2007-04-30,6.33717694,53.71120847,30.44196652,34.64151134,19.05036406,48.98436473,37.22869336,475.1287567,26.93265187,40.35683096,12.82569098,79.47777561,16.88081504,46.31908783,59.29363037,24.38367991,29.91038667,22.1047679,21.41293683,36.26960968
2007-05-31,6.573638767,58.11934401,30.84228969,36.27026508,19.34237961,50.64460042,37.15252561,487.6707116,27.29520944,40.14768807,15.57473262,83.21241325,17.72518981,45.93222545,62.39848969,29.85965144,28.8125209,23.60049341,24.41344003,35.38243937
2007-06-30,7.424901341,57.91225039,29.7109416,36.42094274,19.22056858,48.33408722,37.55058838,459.03158,26.59940471,37.52952898,15.68384095,82.15859751,16.48719911,44.73437225,62.93116887,28.92148777,26.62885996,23.69183543,23.08985357,34.05618537
2007-07-31,6.707633801,58.5253811,28.71883634,34.34733114,19.14708142,48.90798463,35.86467545,416.788861,25.54057143,34.3528423,16.93299642,86.37386047,15.15893825,43.92128401,63.86898433,26.62551909,25.77900272,22.55114696,24.13606432,36.40158063
2007-08-31,6.15588954,56.27497621,29.240997,35.33749862,19.76069926,50.704209,34.22698207,424.3593008,27.88039067,34.7509325,17.79661009,91.41120514,16.20524046,45.15862747,64.58841443,26.11308773,27.45451499,22.96001607,23.7169961,36.84624664
2007-09-30,6.69186968,58.25057918,29.92850854,39.08291472,21.2451124,54.90362069,34.24267172,422.4583739,27.17842134,35.76567222,19.72303401,92.28074356,15.93776265,48.01621338,69.73409122,27.6297692,27.66965703,24.36514372,25.07613627,39.09122388
2007-10-31,6.991387993,55.67030909,30.1373728,42.87130982,22.83100996,55.24836087,35.4664648,379.2801771,25.949975,36.98335988,24.41122246,90.96468542,16.05519193,47.62886797,69.30465699,28.65219665,28.14177429,24.26842688,26.33791824,44.48341819
2007-11-30,5.919427714,53.6482405,28.84937651,43.05505727,23.08061177,57.84140656,37.57672338,305.6594837,24.99379381,35.89746548,23.41780972,82.69134391,15.69342605,49.8143266,67.44216833,27.20246621,29.31701162,22.18943745,24.70287491,43.42595383
2007-12-31,5.304626966,54.14070001,28.392466,43.37905634,22.80929379,57.16180436,37.45654609,270.2286847,23.26742631,34.34731189,25.45604077,84.98701537,15.01311339,49.04953623,70.8687388,29.61613763,29.55905094,24.13486052,24.97728778,42.76071799
2008-01-31,5.233688418,53.27449266,26.24631925,39.45424951,21.92843952,51.24981274,39.98622235,261.5086694,26.26544844,37.63421059,17.3956466,84.20868841,15.42922696,46.43159996,65.35445653,22.90554713,26.36413202,22.58035499,22.42618565,47.50704384
2008-02-29,5.146985749,54.28009655,28.50680988,40.11807833,21.72773855,52.38702387,39.07995204,220.1054509,22.75972014,32.27490845,16.06681249,89.8611161,14.92434823,45.8631448,66.09716985,25.99120349,25.08248142,20.43319731,20.97654038,44.80986974
2008-03-31,4.508538818,58.75278251,27.60085449,41.34883068,22.76870224,54.66539604,41.71112036,198.8468477,22.65849662,34.10104103,18.44175005,90.87132362,14.02004526,48.01714337,64.2512197,22.29493753,24.35251925,22.46889052,21.05162161,39.74675946
2008-04-30,6.51058228,61.72837239,28.52440125,44.17362977,22.02059308,51.88669793,45.90756945,234.5872942,23.16461424,38.14361215,22.35499945,95.25941255,13.47076494,49.66040001,70.70065047,22.28026981,25.51800506,22.94353684,22.58522595,38.79038048
2008-05-31,5.359801392,62.30132748,29.55349621,43.98086133,21.41836521,51.71255608,45.90653924,205.7119752,21.68974296,34.42130792,24.25700573,102.5607716,13.1767017,49.74874601,67.73021266,25.23864834,25.69109855,23.64885352,22.57935661,41.70338802
2008-06-30,3.791271279,55.65203285,27.44253219,41.95173496,19.57266182,48.45335216,44.68215284,157.5026361,18.68449021,27.46500174,21.51837372,93.92357453,11.89033981,47.95975904,67.24947771,25.47438586,24.31634485,19.9681673,20.77746878,45.86347012
2008-07-31,3.783389218,52.71676364,26.6948991,44.61569252,19.39192158,50.71638811,46.60618861,178.6470831,23.81387448,32.88742483,20.42729039,101.4117866,12.70707752,51.03830745,61.37382835,24.29569826,24.69580175,18.48279867,20.22219853,42.17047598
2008-08-31,3.515399149,53.63430224,28.45403578,46.57820935,19.60655062,52.17936084,47.15667189,181.5146125,24.08100471,31.15522967,21.78696785,96.83267538,13.22075776,52.83744963,61.3657915,22.25482397,25.80300461,19.19067606,20.8637959,39.65572282
2008-09-30,4.098671653,45.19446365,26.99395234,46.31547972,20.05127995,54.63881338,47.81129304,196.0434282,29.85662724,37.80070735,14.60689415,93.03827908,12.75723564,51.97470553,59.56339667,19.68714959,27.10261804,16.74909896,19.06375884,34.16340153
2008-10-31,1.726171331,29.25406098,22.78961568,43.48550633,16.70687206,43.70645083,44.55415369,132.0649316,27.08814702,33.64379782,13.82681455,73.95493165,12.25220408,46.01802017,56.84829978,14.3691009,27.32973495,16.31897128,17.9184967,23.21630537
2008-11-30,2.120274374,31.39067957,19.807879,44.48188234,17.92120186,43.46879078,44.61003598,80.20646759,23.22982179,25.82212458,11.9093866,65.29158068,11.58063011,44.29389225,61.80568028,13.05220427,25.83507798,17.41015389,19.71819741,29.65940303
2008-12-31,1.804991939,34.20887183,20.2635008,47.08643851,17.30942625,42.31914669,44.94772877,64.91983082,23.70422798,25.71609565,10.96866458,67.339944,12.4828338,45.23905041,61.55892023,13.64050072,24.90120291,17.37357794,20.47310543,35.99560209
2009-01-31,1.473945383,23.87724219,18.46845291,43.92917129,16.33440887,38.811224,37.77982483,34.43462539,15.19707968,21.05833582,11.5829612,73.33300698,10.27666385,43.62093963,58.975651,13.5756884,26.06534854,15.23447835,18.29940956,35.18194229
2009-02-28,1.576412174,19.04761525,14.97659358,39.93941442,15.61939612,37.19634329,39.47959623,14.54984171,9.918916252,18.86252346,11.47757977,74.02002877,8.867226989,38.12455003,52.62008632,11.70452901,23.50847802,14.70851138,17.47847856,36.81810602
2009-03-31,2.072982009,21.64044381,16.21794511,41.71280086,16.97883145,40.13221408,42.01252934,24.54073302,11.67317086,21.94161372,13.50938513,77.92894261,9.810855531,40.10702663,52.77507921,13.22355254,25.71584685,15.59337345,18.50157913,39.68837107
2009-04-30,4.713472401,27.89175436,19.55798447,40.73438075,16.63114207,38.79135534,40.64167905,29.58467815,16.40310035,27.2896499,16.17090877,83.01213919,9.623570477,39.92402879,51.66688005,14.93874136,25.60075733,16.10785908,18.85689975,35.68051948
2009-05-31,4.532185001,27.79768436,21.62988054,45.09140778,18.99156665,40.57656843,40.3279321,36.08360745,20.94244214,30.51479034,17.45347787,85.93073599,11.067627,42.43377922,54.06964575,16.16444138,24.84538545,15.58601978,18.18565875,43.3326786
2009-06-30,4.784410949,25.90060607,20.83505834,44.30956958,18.69603863,43.20038062,39.27392503,28.80868659,19.92406456,28.20757449,18.30424014,84.42686726,10.92919059,43.69540717,54.50625717,15.27712104,26.21867804,15.61745588,19.09929233,36.3172039
2009-07-31,6.305648697,34.96415624,22.43363332,42.43668292,19.41676527,44.60737992,40.44144056,30.74866549,20.08831901,32.00929177,20.99789227,95.35012886,11.60680041,46.8417842,54.88049552,16.35204625,27.57795745,16.77861257,20.25215557,36.74373333
2009-08-31,5.990366262,35.95610348,23.25524728,43.73268654,18.99991256,44.54449727,41.46661826,48.49947238,22.64174292,35.99285434,21.61732945,95.89438331,12.29050725,46.8689115,54.24607417,15.77898485,28.58171849,16.6634715,19.60171215,35.71295387
2009-09-30,5.682965888,40.73332138,24.52339057,44.37810137,21.08707129,46.47691821,40.01565343,46.94748926,23.18474984,36.29100039,23.82005834,97.1616026,12.18011347,47.21786931,53.82246058,16.30546215,29.11509219,17.27755721,19.11545834,39.20176605
2009-10-31,5.51744261,44.00570567,24.44301529,45.57561803,20.93392496,47.97438455,40.49659121,39.6725684,22.64174292,34.63454439,24.22487725,97.97392266,12.53337356,45.79101959,56.22293761,16.34124216,28.93018931,16.67755261,18.9881452,38.70306116
2009-11-30,7.007152114,46.66714773,26.98823245,49.60905111,22.62251771,49.29754264,44.46636575,39.86656629,23.11257469,35.23154875,25.69122128,103.0937631,13.49874421,49.11322814,59.22965191,16.78726495,30.94630195,17.50265942,20.18813951,47.76880351
2009-12-31,7.882060871,45.54822314,29.123199,48.97374152,22.543418,48.51303725,43.78928308,32.10665071,22.24708955,34.51016848,27.08199911,106.8062809,13.51360249,50.34027729,53.80138489,16.06678147,32.76370304,18.21082195,21.25979218,42.21260183
2010-01-31,8.544153984,42.0435516,26.68497769,48.96589819,21.45579696,47.57150133,43.77289795,32.20364966,23.43404061,32.3256612,24.68277241,99.8626487,13.86277199,49.12885934,50.83477384,15.34115169,31.5448904,16.72678177,19.15999312,38.2420654
2010-02-28,9.253539463,45.91471322,28.21112362,50.50748255,20.85068416,49.84554995,44.29722238,32.97964122,22.5756265,34.84098614,26.29652192,104.2228799,13.16417764,49.61638079,51.61922346,15.02354824,31.26540672,16.3640164,18.84087699,43.97034492
2010-03-31,9.907750515,50.582642,31.52529852,52.77774841,21.93098553,53.16113911,45.80761412,39.28457262,25.69690917,37.10726902,30.20077535,105.1162657,12.8641394,51.34901631,53.19162442,16.4195187,32.57453135,17.04337701,20.20200499,45.53296327
2010-04-30,10.26244325,55.14080069,33.26817523,55.83904766,21.31293048,52.40582667,44.19281333,42.38853886,27.34012412,35.38649008,33.55370398,105.7309807,12.5415983,50.64021087,53.81899652,16.68418224,33.05722535,17.46993201,19.11697869,50.13721933
2010-05-31,9.245657402,49.2048032,30.17976157,53.32933529,20.49550284,50.53361606,41.89537441,38.41158212,23.72663849,32.89331323,33.0126603,103.2041157,11.54364807,46.33486523,48.34155862,16.26170002,31.56207955,16.29007474,18.20412642,48.11671085
2010-06-30,7.945117358,48.64602581,28.4459153,52.53182766,20.15535968,49.34521616,39.83209351,36.47160323,21.17120757,30.42506815,32.32511074,101.7375396,10.80843214,46.93888749,45.63104119,16.26170002,31.94002415,16.21633367,18.53487,55.2955596
2010-07-31,10.06539173,56.87380522,30.4235837,55.61020712,22.16204852,52.55123841,42.41740933,39.76956735,22.9327182,33.52144454,33.06021046,105.7912219,11.36931852,46.16796435,47.71789974,17.49610375,34.17804904,17.68967563,20.91411673,50.06514062
2010-08-31,8.894905693,53.13114191,29.38508203,58.70646636,22.47270326,51.96022926,41.79368734,35.97690861,19.51072245,30.25917883,31.24173824,101.9558681,12.19109065,45.74241676,47.60649983,16.07043134,35.67028999,18.43299662,21.25236982,54.91939933
2010-09-30,9.647642506,64.15528308,29.89078719,59.87159606,23.71178951,54.18782011,44.61105198,37.9265874,20.80729487,31.67393692,36.46582981,111.0725261,13.15656986,49.70536903,49.76494036,17.44608978,36.18812083,19.50365162,23.45461336,56.3924973
2010-10-31,11.13735201,64.44750645,32.62249811,62.49112905,24.84632489,53.25804716,45.15285287,40.44855996,21.59020921,31.35628671,38.68012495,118.905731,13.34430193,51.1333154,53.55026516,18.74795811,37.31384006,19.73451245,23.71704039,54.64173516
2010-11-30,12.56400503,69.36716343,32.9701704,63.40741259,25.77359401,52.71160165,45.08616969,40.7395568,22.5855603,31.16463255,39.9871117,117.6535854,12.6192843,49.8044422,56.37180945,17.77209184,36.73960583,19.22938643,23.3738443,52.81914689
2010-12-31,13.2339802,76.79584547,34.24200374,62.16031916,26.83440364,53.67220872,45.20235778,45.88050087,25.72313538,35.34769286,41.45345573,122.0616442,13.55605326,50.04719334,59.25685318,19.66240098,37.6510701,20.32959242,26.12671506,55.28388292
2011-01-31,12.57188709,79.90635308,35.48351601,59.6580343,25.64303283,52.83422229,46.99603562,46.75349137,26.91010162,37.48995566,43.60734932,134.7368927,14.10572761,48.36411877,65.38351907,24.26604712,37.90931831,19.32346125,26.35986352,49.56020564
2011-02-28,11.86250161,84.78260924,39.92922537,61.78794128,26.07959679,52.10303806,43.56793172,45.39550614,26.81821306,38.9498449,45.39240792,135.1641222,15.05252509,50.16557319,69.68152214,26.47112632,38.4241306,19.92731941,27.32190233,49.74019549
2011-03-31,11.75215276,91.7180952,39.33585554,62.12268039,27.2632545,53.31993457,43.92893321,42.87353358,26.41949564,38.45765367,44.78807113,136.1577305,15.88964577,48.37744484,68.54093836,28.45112388,38.9930353,21.49313767,28.5207507,49.26059436
2011-04-30,12.19354817,95.44857369,39.34498431,63.93517021,27.72353254,57.02857153,46.40178191,44.52251564,24.25328029,38.27092934,44.99658499,142.4283171,16.40600058,53.66018017,71.67754376,28.84071908,40.06934148,22.15960958,28.31842536,52.89782769
2011-05-31,11.76003482,87.50072868,38.00305561,67.0697996,27.45640689,58.87461181,46.91266636,39.92496288,23.73529695,36.26638143,44.70100293,141.676997,16.94437979,55.42012933,68.39723754,29.05381599,41.25077088,22.47292025,27.68129827,51.05664755
2011-06-30,10.86936194,88.04657443,35.63870504,69.35645698,27.85325774,58.73059231,45.14558295,40.40037556,23.47594051,34.33731859,43.13827345,143.8743197,16.27292418,54.78595636,66.68464347,28.25466174,41.39070942,22.3661098,27.90616666,48.89628147
2011-07-31,9.623996324,82.0518258,35.25529684,71.13314041,28.15128635,53.40206065,44.78027244,37.20835965,23.37554447,34.13032668,50.18212237,152.5126496,15.20570473,53.36112616,65.38176091,27.04580166,40.89315017,21.12203531,26.79552758,50.38210511
2011-08-31,8.764851689,75.58170005,31.09257924,74.86542075,29.16127222,54.1567275,45.52876826,30.1335307,21.93212156,31.69184352,49.45601863,144.8267785,15.1595228,54.6735171,61.07272938,23.63702033,44.17824642,20.55897353,27.45991088,56.73309516
2011-09-30,7.621952862,61.3291509,27.53236025,72.72073057,28.15522916,52.03013243,44.42457365,24.85894972,20.26830544,25.41422595,49.0049347,147.3204511,14.12119932,52.92030858,59.9258624,18.94825033,44.81486587,20.58784849,27.94206333,57.2972962
2011-10-31,9.206247097,78.88377714,31.84113811,76.88590108,28.47195465,52.91271141,48.55032404,30.65759211,21.77246244,29.57161007,52.01987168,155.5428312,15.3831617,53.50194174,64.43082191,22.85555866,45.48292332,21.47949939,28.4712265,60.82888491
2011-11-30,8.354984523,81.73982751,32.72662848,79.6892588,28.2166509,54.22817437,50.41632732,26.6775669,21.83339412,26.34731772,49.11802697,159.0162846,16.18977962,54.27642421,66.76086536,24.68327642,47.18119863,21.23766265,29.04865808,62.69480162
2011-12-31,8.481097497,75.66028169,34.81705373,83.70208684,29.36663786,56.21936515,51.47155887,25.54173162,23.26869072,28.28699755,52.04814475,155.5314597,17.45624469,54.99764988,70.34623257,25.83975325,49.25361412,22.16103929,30.88874005,54.90599633
2012-01-31,9.829607725,91.52843286,36.1168904,82.63422408,28.34256188,55.64319079,52.84964612,29.82295688,24.66177271,31.95946631,58.66404226,162.9071086,17.26264494,55.27439926,69.49968754,27.71130354,46.81594533,21.8722989,29.37298993,56.25096907
2012-02-29,9.797950373,95.79785848,38.98581563,83.40716674,29.3204705,53.76638757,50.88587179,32.35714687,26.5239608,33.62170129,69.71110034,167.0471931,17.21673768,55.06095208,72.18580833,30.07258531,46.61504408,22.74986819,29.7239683,54.37075207
2012-03-31,9.873136583,89.34758677,40.64774966,82.41582451,31.2877443,56.67937425,53.06239713,35.49380907,29.02661685,39.3966826,77.05053132,177.1686923,18.4555278,55.80547632,72.37774747,28.12926982,46.87178787,23.22583797,29.81756254,47.20863151
2012-04-30,8.966944889,86.57148164,40.02568497,81.86974616,32.26429732,56.38038735,51.0768924,32.09009359,28.4102051,37.06945403,75.04956931,175.8355754,18.66335114,55.07787308,72.05228544,26.03510336,47.69818194,24.82332309,31.91260125,43.8753909
2012-05-31,8.394586705,73.80941151,42.43966736,75.644453,31.59212446,58.41741484,57.45237664,25.75186257,27.42823034,28.59126107,74.2463572,164.4860826,17.99857419,53.32952963,66.06965259,22.25175466,48.92472406,25.77371468,32.90838821,43.4242064
2012-06-30,7.62349304,71.52655936,45.03005616,74.9586235,33.28054608,60.83676541,60.85657398,26.62612422,28.61778541,30.81646329,75.05213959,166.7713221,18.92854167,57.71172548,71.90105776,22.84132343,50.40802832,26.89759044,35.12124813,44.97819539
2012-07-31,7.345263367,71.38390178,45.62426721,75.66138706,34.39145828,62.61899162,64.96779693,26.3541317,28.93442957,31.3089431,78.49117256,167.1124027,19.78444095,59.12974597,72.97659071,23.64528085,52.28039599,28.95736814,36.07602168,41.23233043
2012-08-31,7.465153411,72.3333136,45.93065728,76.36942938,31.83763712,62.36069797,63.70942477,28.87137225,29.31214844,32.30039297,85.85759412,166.8584242,19.81675512,58.12044509,73.82876879,25.00551598,49.60516112,27.97990424,34.31777516,46.99020702
2012-09-30,7.88077223,72.93517289,48.53961517,78.29807963,32.50808376,61.38926826,64.76247311,31.79640861,29.74282943,35.20516713,86.09829584,177.6483454,20.63899265,59.39611258,77.33838381,26.57847259,49.00780435,28.78936654,36.41967895,52.30424112
2012-10-31,8.959782627,72.32410274,45.60569811,74.07382356,31.86529275,60.06207339,65.83307226,36.33458796,29.01928536,36.51494247,76.83353817,166.5843945,20.65560351,61.04241319,77.1015905,27.01890044,49.40876985,26.72141704,36.06692724,50.96430385
2012-11-30,9.192608519,72.69079728,46.10706369,74.93992109,32.72015687,60.90349759,63.2004514,33.60304066,28.62363466,35.9892955,75.89648521,163.488846,20.96933021,60.62996817,75.02097354,27.88040512,46.14830059,26.36605851,35.64679278,43.97048494
2012-12-31,10.39688038,76.86014015,46.93446525,75.94727067,31.2791584,59.81713268,60.20674599,38.4534651,29.63816519,38.52037324,69.00979469,164.761869,21.0190297,60.95168175,73.66763399,27.70869436,45.94150591,26.04160071,34.96003454,43.70014354
2013-01-31,10.47232944,84.39231981,50.78989733,82.04302712,32.133403,63.6808142,61.72448896,40.99046065,30.41770542,41.4963714,59.06590017,174.6708052,23.06290533,64.27315714,76.57859076,30.37472986,47.04992539,27.22800705,35.65575616,40.42545578
2013-02-28,10.19738025,79.22876899,51.45917771,83.23236034,33.41045554,66.70494492,62.45688819,40.80573135,30.6360352,43.14564269,57.56272831,173.4745047,23.13899263,66.70677259,76.71341113,30.42381242,49.33392384,28.10456261,38.04316291,37.91297983
2013-03-31,10.63406425,74.59701244,53.54243074,86.52173099,35.1477847,69.64535031,66.45559761,43.01276042,32.30407474,41.85797633,57.72704421,184.2459386,24.39866012,71.4571432,77.19313765,30.62361059,51.03134529,28.71502095,40.18528813,39.84935989
2013-04-30,11.08692174,73.0935859,59.23602725,88.64810516,36.79044823,72.60336291,69.02217087,45.36562842,33.16866069,43.50180713,57.74269334,174.9515818,24.57619714,74.70001613,76.23368461,29.67002841,53.22210597,29.66834252,44.53631739,30.82165816
2013-05-31,12.77477808,74.06908788,59.46226287,84.4787053,34.75667434,71.10674939,66.86369005,50.55863271,35.68939586,48.4546756,59.04131385,180.518558,23.21294065,74.33810199,78.03790553,31.38215623,48.20568959,27.71210104,40.05046683,32.61007536
2013-06-30,12.6036873,71.21164404,59.52824826,86.60445091,35.10264094,72.50795244,66.55099241,46.6493097,36.32309167,46.8569761,52.05654926,165.8441574,23.87787247,75.82168493,77.93439554,31.5555383,49.25308848,28.03682129,41.58705652,28.78516304
2013-07-31,13.83391147,72.07520614,60.9422209,85.79964187,35.07638616,74.05935135,69.63329773,50.70450298,38.28578841,49.82256123,59.40824209,169.2545888,25.12248846,82.56845494,80.86717855,33.17985462,50.59612417,28.28715625,41.28799239,28.8332184
2013-08-31,13.26842575,71.75355825,57.3413039,83.21545375,33.41358342,70.6817343,65.59800796,47.00828963,36.4065426,45.17376672,64.38499372,158.9697603,24.24582277,76.87703303,75.70485748,31.60171644,47.98890994,27.13225109,39.53567259,30.53437828
2013-09-30,13.82571602,72.50117226,60.79139715,84.8469564,33.39251039,70.98074288,66.47888009,47.18336705,36.61923905,46.21080549,63.00192472,161.5077644,24.688453,77.12614273,74.73205527,32.01475078,47.05866075,27.12423091,38.94739379,27.22166108
2013-10-31,14.1032741,72.97286241,64.65625571,85.12034332,34.88230296,75.07887634,68.9866691,47.45570972,37.8333813,46.41283827,69.07442487,156.3009313,26.37302629,82.39303354,77.84154804,32.36353534,49.68725479,29.42762219,42.63254835,26.40791747
2013-11-30,14.07854598,74.05835125,66.49442014,86.58656775,35.67568362,75.40922697,72.81576631,51.48331608,39.2878428,51.527796,73.91421544,157.5416732,27.48251511,84.80042241,81.75048725,33.25160882,47.6243875,28.62283362,41.8813512,24.05387347
2013-12-31,12.71849909,79.49454937,72.90783832,86.28422172,36.66988032,74.56057516,71.14483808,50.69530614,40.51949257,52.66245212,74.57218182,164.4595483,26.52976483,82.05018686,88.50181118,32.56886214,47.68476981,28.58218774,41.47621116,22.50098523
2014-01-31,12.43210008,82.74435409,69.29107513,83.74095804,33.57189237,72.24123246,67.51933547,46.15191311,40.46594258,50.17827109,66.54100428,154.9113024,26.3305534,79.25515921,80.5961158,30.25305919,46.934304,27.45031374,40.97379923,21.1038333
2014-02-28,12.78943986,85.44052834,77.11626197,85.33325127,33.90920911,71.98053114,67.53741778,47.31957694,41.7108497,51.50161422,70.36541176,163.2382739,28.04756965,83.12011532,84.78105413,31.08490432,48.91619779,26.30517761,40.59836251,22.72570197
2014-03-31,12.96395463,87.55517481,76.41008657,87.91611794,34.58961813,75.5891965,69.54627774,46.31733215,44.69404705,55.02750791,71.7694039,169.6912855,28.05630449,88.63318419,86.0227835,32.95927766,46.82165944,28.8920319,40.58982985,23.04264466
2014-04-30,13.52489498,93.40957191,75.71345408,90.9204941,36.49535757,77.75276751,72.53086221,46.61897864,44.60419171,51.05904313,78.90302111,173.1998902,27.32257797,91.39423014,90.18830117,33.54385944,50.64419193,29.79463658,40.31143457,24.40908136
2014-05-31,13.76775687,90.60019485,80.16999342,91.69241193,36.60272317,79.96160152,70.28575692,46.29783237,45.95188721,50.68508444,85.11426173,163.4686202,26.11320904,92.18236143,89.13185315,34.19849135,48.55938213,29.60268234,43.09778026,22.50196827
2014-06-30,14.4377207,96.30757286,81.82091698,91.06865403,38.18604263,81.48181266,68.72934443,45.84040162,47.56264655,52.55487791,87.46868626,160.728774,26.15727453,95.05340679,89.26484607,37.23960105,50.96925512,29.51087814,42.20925516,25.03618656
2014-07-31,14.35552447,89.85588455,81.95451773,85.4819528,35.41854615,80.35088085,67.36519466,47.61172924,46.06047773,52.96595411,89.9817756,169.9502627,25.51834602,90.93763607,87.72212823,36.14815984,49.51273847,30.08706474,43.96736465,24.51459934
2014-08-31,14.68447009,97.27624147,85.77168204,85.45156605,37.60910525,84.35474427,69.57018228,50.27899847,46.87458846,54.60076247,96.95620681,171.5174206,26.13185329,94.88466691,88.79946111,39.10054401,51.67625165,29.55447551,43.44415127,26.65999583
2014-09-30,12.47463025,88.32186846,84.96053463,86.44540096,38.73608219,85.50154658,70.46399786,50.44448597,47.26642502,55.32632348,95.30085693,169.3143627,26.29189867,97.5007871,83.96932754,35.25520387,50.57827636,29.79118184,43.59239506,22.70632795
2014-10-31,11.99101063,91.12353154,87.20311866,85.4606838,38.02782752,88.33047304,70.27970599,52.11889976,48.37814738,55.92435923,102.158735,146.6326778,26.62977224,98.58931264,86.34421761,33.20122951,56.55911736,29.838475,44.30238768,18.4802912
2014-11-30,13.38669959,90.39569345,88.28146758,89.04871229,40.98680535,91.94010971,80.66455307,52.54730096,49.96937879,55.62846315,112.9839974,145.6291155,27.93646021,99.66185885,81.41300055,27.30272261,56.93032019,30.30095424,44.60214513,18.12565875
2014-12-31,13.19096273,82.24570399,91.01129651,86.18804195,38.60055592,87.43031523,79.58212579,52.68361043,50.28122881,57.86617726,104.8614616,144.0755706,27.93646021,96.27381598,83.13046058,26.70795375,59.50863714,28.76792122,41.24309842,18.64191524
2015-01-31,12.64851065,72.45483283,87.89030184,85.02905654,37.64057052,86.70912608,78.74812587,45.72195404,47.62133163,50.60570827,111.30249,137.6728106,28.02614387,92.19527525,78.6075161,25.1124627,62.45657296,28.59359879,41.25499435,24.80656975
2015-02-28,14.05007913,75.10948657,100.567531,91.74821877,39.58796948,91.51705374,77.77512596,51.04887819,50.58538903,57.0268077,122.5157567,146.4432795,31.04816442,95.03617604,80.21498557,26.48929848,57.50013564,30.01806726,44.63048503,25.97045652
2015-03-31,13.87810754,72.50919434,101.3501953,90.39379613,37.37528296,89.00518334,76.68117132,50.172419,50.22531782,56.37539182,118.6722373,145.1410791,31.47335782,93.26543078,77.00783571,24.82539782,55.5512872,28.35908264,43.89040419,21.43813457
2015-04-30,13.71296328,79.36878459,105.0509413,89.56815493,37.38450005,88.53977242,72.76553704,51.92533737,50.87159948,59.26217395,119.3589207,154.8985386,30.69534437,91.96750232,79.15499536,29.5698917,56.05215946,30.52066685,46.03362883,26.15827658
2015-05-31,13.16618057,77.94365448,106.6452574,89.77702772,37.75318348,89.75914902,69.67840525,52.71485393,52.01838127,61.62291815,124.7673532,154.5883093,31.70024371,93.51880871,77.83835065,26.04818338,56.91585552,30.43255869,45.1209875,26.89888464
2015-06-30,13.02731512,77.48688201,110.2880283,88.97218831,36.4561924,87.52336333,66.54489409,53.84557196,52.27865909,63.4777886,120.1177869,148.2188883,30.58731429,91.01600855,76.01115932,25.42547947,53.27117913,31.29601867,42.53821252,23.09109731
2015-07-31,12.99802532,72.49238588,116.6149686,93.45495661,38.17538577,90.3457902,67.52997994,57.03267941,53.79384782,64.61410604,116.1673314,147.6083715,32.89527448,93.58418035,72.36591262,20.12770624,58.52650797,31.02228821,43.20670369,16.97235192
2015-08-31,12.15661573,70.47333049,99.00610833,89.7107105,36.53982883,87.13891316,61.13299631,52.17426779,49.89609396,60.43724204,108.4764369,135.8808858,29.62203895,88.4549337,69.38649783,16.76429394,58.46481912,29.64709179,42.48643806,16.87350305
2015-09-30,11.89367523,60.25820095,99.31708158,93.02458752,37.60593564,89.10089993,61.23688368,48.39875514,48.04358569,57.48609434,105.7731841,133.1979986,28.87735082,87.86197128,68.56573782,14.93175978,62.12642121,29.09344128,40.17789437,15.90989683
2015-10-31,13.11056105,68.02365562,110.5315544,105.9779757,39.69619577,96.5558957,54.0592107,51.92017035,50.65393825,61.01699702,114.9603957,128.7050814,31.09302784,95.09046554,76.30301476,17.82115226,61.10414651,30.348562,43.84759332,19.26612274
2015-11-30,12.68564077,67.70678971,110.2691707,108.6210094,40.25479829,94.63781694,55.57029975,52.81854455,51.90632061,63.32472158,114.2953888,129.3032198,30.37478434,95.9854859,75.97786166,17.02510788,58.35710184,30.4934671,42.51009207,18.22658374
2015-12-31,12.47318063,63.33590404,102.7704295,112.4079017,40.57592995,95.07775349,58.37976649,50.53354928,51.20921213,62.707429,101.69681,127.6338339,29.92059928,97.38867159,72.52601416,12.24135398,60.34772221,31.16365319,43.23028505,17.83348596
2016-01-31,10.92668149,58.75111621,93.71395659,117.7742515,40.53814976,94.48779946,63.19871622,41.63057402,47.31859318,56.89681202,94.04491245,115.7348214,28.26143346,99.0194009,72.43297245,9.460553952,65.15525819,33.11822878,47.31783287,19.78634684
2016-02-29,11.44830699,63.90505411,93.42055034,112.3517533,40.73649578,93.07952208,63.17966899,37.98374356,44.54866359,53.8368154,93.9197812,122.7661484,27.77944115,100.4676786,75.25273002,8.035934936,66.36021589,33.93562267,48.03749572,25.6052775
2016-03-31,12.35428812,72.24952498,97.12724932,120.4912394,44.15486166,98.21036078,65.71019659,40.81908092,45.915886,56.62906231,105.8673798,141.8982918,27.75135274,103.3229049,78.48254151,10.90381427,72.62562122,35.97451529,51.20969385,26.37419544
2016-04-30,12.54546103,74.08153126,100.9904316,121.2677982,42.6414702,98.67036247,64.15594752,45.29648778,47.45401121,60.88411166,91.05430023,136.7357987,30.62573374,107.0280146,82.99864421,13.79126958,70.71092852,36.09596351,48.74557149,34.69923305
2016-05-31,12.48069832,69.11543788,97.03922744,117.0206929,42.45110649,96.9549395,68.41852516,45.58032489,48.53052891,62.87825899,97.59193853,145.4130105,32.78286067,108.3747982,84.28660051,12.84294565,70.06942151,36.4028071,48.70729464,32.15905471
2016-06-30,11.62953135,72.26094808,95.66999827,116.2191152,43.48062101,102.2783818,70.58379072,41.48915551,45.28686777,59.86295409,93.4286934,143.5591696,33.26468369,116.6550983,88.75562718,14.74924363,76.93672217,40.17791302,53.43448591,38.84486645
2016-07-31,11.83955957,79.64656917,94.51813599,113.6212307,41.84997782,105.1553837,70.5354589,43.03461918,45.89924038,62.10876289,101.8431395,151.9203704,34.85186542,120.4346081,84.22032257,13.40304351,76.59240069,40.70058481,53.55550175,43.69054509
2016-08-31,11.78344791,78.86704137,93.0503713,112.561134,41.65813745,103.7868769,69.52341868,46.89506322,48.99535989,65.53605589,104.2484772,151.5729626,33.15682573,115.5357967,83.22268439,14.80859699,72.60525343,38.43474029,50.57858522,37.97105555
2016-09-30,11.28779494,85.430473,91.47424813,112.2691718,40.92946164,105.7508066,70.18517574,46.39408957,42.70697905,64.65253276,111.0771946,151.5443423,32.27073815,114.3643679,83.35639079,15.58747792,72.65349612,38.18089049,50.24029925,39.03866678
2016-10-31,11.1181578,81.03415161,91.30678505,109.553924,41.00683302,104.224386,68.14151422,48.28010803,44.37552182,67.72949542,111.5586437,146.6216555,30.21272827,112.2925847,79.57440973,12.99449456,72.89470959,35.01336202,47.02423494,36.80305975
2016-11-30,11.32650488,92.78245301,97.64083001,116.9785378,39.35611033,98.05307735,68.5405148,55.57588123,51.46876649,78.39840669,109.1549165,156.1556479,30.92864893,108.4993285,84.10848454,17.86544067,67.96635118,36.76450598,48.78397761,32.23248537
2016-12-31,11.48750035,90.04441913,103.4393258,119.3814674,40.43876913,102.4904444,67.74204497,58.57199187,53.59870977,84.38316719,114.3894538,159.7847121,31.25583439,112.3109401,86.96027279,17.12352038,71.7752724,40.4761698,52.18614679,33.9033184